<application>
  <component name="com.intellij.ide.ui.customization.CustomActionsSchema">
    <group value="SettingsEntryPoint" is_action="true" action_type="-1" position="5">
      <path value="root" />
      <path value="Main Toolbar Right" />
      <option name="myInitialPosition" value="-1" />
    </group>
    <group value="SearchEverywhere" is_action="true" action_type="-1" position="4">
      <path value="root" />
      <path value="Main Toolbar Right" />
      <option name="myInitialPosition" value="-1" />
    </group>
    <group value="CodeWithMeToolbarGroupNewUi" is_group="true" forse_popup="false" action_type="-1" position="3">
      <path value="root" />
      <path value="Main Toolbar Right" />
      <option name="myInitialPosition" value="-1" />
    </group>
    <group value="main.toolbar.git.Branches" is_action="true" action_type="-1" position="1">
      <path value="root" />
      <path value="Main Toolbar Left" />
      <option name="myInitialPosition" value="-1" />
    </group>
  </component>
</application>