<application>
  <component name="LanguageInjectionConfiguration">
    <injection language="http-url-reference" injector-id="java">
      <display-name>Android Volley (com.android.volley)</display-name>
      <single-file value="true" />
      <place><![CDATA[psiParameter().ofMethod(0, psiMethod().withName("ImageRequest").definedInClass("com.android.volley.toolbox.ImageRequest"))]]></place>
      <place><![CDATA[psiParameter().ofMethod(0, psiMethod().withName("JsonArrayRequest").definedInClass("com.android.volley.toolbox.JsonArrayRequest"))]]></place>
      <place><![CDATA[psiParameter().ofMethod(0, psiMethod().withName("JsonObjectRequest").withParameterCount(4).definedInClass("com.android.volley.toolbox.JsonObjectRequest"))]]></place>
      <place><![CDATA[psiParameter().ofMethod(0, psiMethod().withName("StringRequest").withParameterCount(3).definedInClass("com.android.volley.toolbox.StringRequest"))]]></place>
      <place><![CDATA[psiParameter().ofMethod(1, psiMethod().withName("JsonObjectRequest").withParameterCount(5).definedInClass("com.android.volley.toolbox.JsonObjectRequest"))]]></place>
      <place><![CDATA[psiParameter().ofMethod(1, psiMethod().withName("StringRequest").withParameterCount(4).definedInClass("com.android.volley.toolbox.StringRequest"))]]></place>
    </injection>
    <injection language="http-url-reference" injector-id="java">
      <display-name>OkHttp (okhttp3)</display-name>
      <single-file value="true" />
      <place><![CDATA[psiParameter().ofMethod(0, psiMethod().withName("parse", "get", "newBuilder").withParameters("java.lang.String").definedInClass("okhttp3.HttpUrl"))]]></place>
      <place><![CDATA[psiParameter().ofMethod(0, psiMethod().withName("url").withParameters("java.lang.String").definedInClass("okhttp3.Request.Builder"))]]></place>
    </injection>
  </component>
</application>