<application>
  <component name="LafManager" autodetect="false">
    <laf class-name="com.intellij.ide.ui.laf.darcula.DarculaLaf" themeId="Onedark" />
    <lafs-to-previous-schemes>
      <laf-to-scheme laf="Catppuccin Frappe" scheme="_@user_Catppuccin Frappe" />
      <laf-to-scheme laf="Catppuccin Latte" scheme="_@user_Catppuccin Latte" />
      <laf-to-scheme laf="Catppuccin Macchiato" scheme="_@user_Catppuccin Macchiato (no italics)" />
      <laf-to-scheme laf="Catppuccin Mocha" scheme="_@user_Catppuccin Mocha" />
      <laf-to-scheme laf="Darcula" scheme="_@user_Darcula" />
      <laf-to-scheme laf="Dark" scheme="_@user_Dark" />
      <laf-to-scheme laf="IntelliJ Light" scheme="_@user_IntelliJ Light" />
      <laf-to-scheme laf="Light" scheme="_@user_Light" />
      <laf-to-scheme laf="Light with Light Header" scheme="_@user_Light" />
      <laf-to-scheme laf="Onedark" scheme="Onedark" />
    </lafs-to-previous-schemes>
  </component>
</application>