<application>
  <component name="LafManager">
    <laf themeId="com.github.catppuccin.macchiato.jetbrains" />
    <lafs-to-previous-schemes>
      <laf-to-scheme laf="371dce76-a3c5-4429-91af-41cf86094744" scheme="_@user_Dracula (Material)" />
      <laf-to-scheme laf="IntelliJ Light" scheme="_@user_IntelliJ Light" />
      <laf-to-scheme laf="Light" scheme="_@user_Light" />
      <laf-to-scheme laf="Light with Light Header" scheme="_@user_Light" />
      <laf-to-scheme laf="Onedark" scheme="Onedark" />
      <laf-to-scheme laf="Temp theme" scheme="Onedark" />
      <laf-to-scheme laf="com.alex.tokyonight-dark" scheme="_@user_Catppuccin Frappe" />
      <laf-to-scheme laf="com.github.catppuccin.macchiato.jetbrains" scheme="_@user_Catppuccin Macchiato (no italics)" />
    </lafs-to-previous-schemes>
  </component>
</application>